trial_id,source,unq_drugs,atc,atc_new,drug_name,correct_name,dose,n,arm_n,arm_n_attr
NCT00035984,agg,2,A10BJ01,A10BJ01,exenatide,NA,10,734,241,43
NCT00035984,agg,2,A10BJ01,A10BJ01,exenatide,NA,5,734,245,39
NCT00035984,agg,2,placebo,placebo,placebo,NA,NA,734,247,59
NCT00039013,agg,2,A10BJ01,A10BJ01,exenatide,NA,10,336,113,20
NCT00039013,agg,2,A10BJ01,A10BJ01,exenatide,NA,5,336,110,20
NCT00039013,agg,2,placebo,placebo,placebo,NA,NA,336,113,24
NCT00039026,agg,2,A10BJ01,A10BJ01,exenatide,NA,10,377,129,38
NCT00039026,agg,2,A10BJ01,A10BJ01,exenatide,NA,5,377,125,30
NCT00039026,agg,2,placebo,placebo,placebo,NA,NA,377,123,49
NCT00082381,agg,2,A10A,A10A,INSULINS AND ANALOGUES,NA,NA,549,267,25
NCT00082381,agg,2,A10BJ01,A10BJ01,exenatide,NA,10,549,282,54
NCT00082407,agg,2,A10A,A10A,INSULINS AND ANALOGUES,NA,NA,501,248,25
NCT00082407,agg,2,A10BJ01,A10BJ01,exenatide,NA,10,501,253,54
NCT00086502,agg,2,A10BH01,A10BH01,sitagliptin,NA,100,353,175,26
NCT00086502,agg,2,placebo,placebo,placebo,NA,NA,353,178,20
NCT00086515,agg,2,A10BH01,A10BH01,sitagliptin,NA,100,701,464,48
NCT00086515,agg,2,placebo,placebo,placebo,NA,NA,701,237,45
NCT00087516,agg,2,A10BH01,A10BH01,sitagliptin,NA,100,741,238,29
NCT00087516,agg,2,A10BH01,A10BH01,sitagliptin,NA,200,741,250,36
NCT00087516,agg,2,placebo,placebo,placebo,NA,NA,741,253,37
NCT00094757,agg,2,A10BH01,A10BH01,sitagliptin,NA,100,521,205,17
NCT00094757,agg,2,A10BH01,A10BH01,sitagliptin,NA,200,521,206,22
NCT00094757,agg,2,placebo,placebo,placebo,NA,NA,521,110,19
NCT00094770,agg,2,A10BB07,A10BB07,glipizide,NA,NA,1172,584,172
NCT00094770,agg,2,A10BH01,A10BH01,sitagliptin,NA,100,1172,588,202
NCT00099320,agg,2,A10BJ01,A10BJ01,exenatide,NA,10,233,121,35
NCT00099320,agg,2,placebo,placebo,placebo,NA,NA,233,112,16
NCT00099853,agg,2,A10BH02,A10BH02,vildagliptin,NA,50,463,147,23
NCT00099853,agg,2,A10BH02,A10BH02,vildagliptin,NA,100,463,158,34
NCT00099853,agg,2,placebo,placebo,placebo,NA,NA,463,158,30
NCT00099892,agg,2,A10BH02,A10BH02,vildagliptin,NA,50,416,286,49
NCT00099892,agg,2,placebo,placebo,placebo,NA,NA,416,130,22
NCT00099905,agg,2,A10BH02,A10BH02,vildagliptin,NA,50,286,194,29
NCT00099905,agg,2,placebo,placebo,placebo,NA,NA,380,94,24
NCT00099918,agg,2,A10BG02,A10BG02,rosiglitazone,NA,NA,697,238,6
NCT00099918,agg,2,A10BH02,A10BH02,vildagliptin,NA,50,697,459,13
NCT00099931,agg,2,A10BH02,A10BH02,vildagliptin,NA,50,296,144,30
NCT00099931,agg,2,placebo,placebo,placebo,NA,NA,296,152,28
NCT00099944,agg,2,A10BH02,A10BH02,vildagliptin,NA,50,408,264,66
NCT00099944,agg,2,placebo,placebo,placebo,NA,NA,408,144,23
NCT00101712,agg,2,A10BH02,A10BH02,vildagliptin,NA,50,306,156,23
NCT00101712,agg,2,placebo,placebo,placebo,NA,NA,306,150,28
NCT00101803,agg,2,A10BG03,A10BG03,pioglitazone,NA,NA,315,161,28
NCT00101803,agg,2,A10BH02,A10BH02,vildagliptin,NA,100,315,154,18
NCT00102466,agg,2,A10BB09,A10BB09,gliclazide,NA,NA,1007,494,82
NCT00102466,agg,2,A10BH02,A10BH02,vildagliptin,NA,50,1007,513,106
NCT00103857,agg,3,A10BA02,A10BA02,metformin,NA,1000,719,182,26
NCT00103857,agg,3,A10BA02,A10BA02,metformin,NA,500,719,182,29
NCT00103857,agg,3,A10BH01,A10BH01,sitagliptin,NA,100,719,179,37
NCT00103857,agg,3,placebo,placebo,placebo,NA,NA,719,176,49
NCT00106340,agg,2,A10BB12,A10BB12,glimepiride,NA,NA,2789,1393,275
NCT00106340,agg,2,A10BH02,A10BH02,vildagliptin,NA,50,2789,1396,222
NCT00106704,agg,2,A10BH01,A10BH01,sitagliptin,NA,100,425,222,37
NCT00106704,agg,2,placebo,placebo,placebo,NA,NA,425,219,40
NCT00110240,agg,2,A10BF01,A10BF01,acarbose,NA,NA,661,220,28
NCT00110240,agg,2,A10BH02,A10BH02,vildagliptin,NA,100,661,441,102
NCT00120536,agg,2,A10BH02,A10BH02,vildagliptin,NA,100,354,91,15
NCT00120536,agg,2,A10BH02,A10BH02,vildagliptin,NA,50,354,171,37
NCT00120536,agg,2,placebo,placebo,placebo,NA,NA,354,92,29
NCT00121641,agg,2,A10BH03,A10BH03,saxagliptin,NA,10,401,98,29
NCT00121641,agg,2,A10BH03,A10BH03,saxagliptin,NA,2.5,401,102,29
NCT00121641,agg,2,A10BH03,A10BH03,saxagliptin,NA,5,401,106,38
NCT00121641,agg,2,placebo,placebo,placebo,NA,NA,401,95,40
NCT00121667,agg,2,A10BH03,A10BH03,saxagliptin,NA,10,743,181,41
NCT00121667,agg,2,A10BH03,A10BH03,saxagliptin,NA,2.5,743,192,44
NCT00121667,agg,2,A10BH03,A10BH03,saxagliptin,NA,5,743,191,48
NCT00121667,agg,2,placebo,placebo,placebo,NA,NA,743,179,67
NCT00237237,agg,2,A10BG03,A10BG03,pioglitazone,NA,NA,576,281,37
NCT00237237,agg,2,A10BH02,A10BH02,vildagliptin,NA,50,576,295,33
NCT00286429,ipd,2,A10BH04,A10BH04,alogliptin,NA,12.5,390,131,48
NCT00286429,ipd,2,A10BH04,A10BH04,alogliptin,NA,25,390,129,52
NCT00286429,ipd,2,placebo,placebo,placebo,NA,NA,390,130,75
NCT00286442,ipd,2,A10BH04,A10BH04,alogliptin,NA,12.5,527,213,37
NCT00286442,ipd,2,A10BH04,A10BH04,alogliptin,NA,25,527,210,45
NCT00286442,ipd,2,placebo,placebo,placebo,NA,NA,527,104,32
NCT00286455,ipd,2,A10BH04,A10BH04,alogliptin,NA,12.5,329,133,28
NCT00286455,ipd,2,A10BH04,A10BH04,alogliptin,NA,25,329,131,24
NCT00286455,ipd,2,placebo,placebo,placebo,NA,NA,329,65,25
NCT00286468,ipd,2,A10BH04,A10BH04,alogliptin,NA,12.5,500,203,50
NCT00286468,ipd,2,A10BH04,A10BH04,alogliptin,NA,25,500,198,50
NCT00286468,ipd,2,placebo,placebo,placebo,NA,NA,500,99,37
NCT00286494,ipd,2,A10BH04,A10BH04,alogliptin,NA,12.5,493,197,44
NCT00286494,ipd,2,A10BH04,A10BH04,alogliptin,NA,25,493,199,39
NCT00286494,ipd,2,placebo,placebo,placebo,NA,NA,493,97,26
NCT00289848,agg,2,A10BH01,A10BH01,sitagliptin,NA,100,530,352,46
NCT00289848,agg,2,placebo,placebo,placebo,NA,NA,530,178,45
NCT00294723,agg,2,A10BB12,A10BB12,glimepiride,NA,NA,745,248,96
NCT00294723,agg,2,A10BJ02,A10BJ02,liraglutide,NA,1.2,745,251,89
NCT00294723,agg,2,A10BJ02,A10BJ02,liraglutide,NA,1.8,745,246,74
NCT00295633,agg,2,A10BH03,A10BH03,saxagliptin,NA,2.5,585,195,36
NCT00295633,agg,2,A10BH03,A10BH03,saxagliptin,NA,5,585,186,46
NCT00295633,agg,2,placebo,placebo,placebo,NA,NA,585,184,46
NCT00300287,agg,2,A10BH02,A10BH02,vildagliptin,NA,50,302,153,20
NCT00300287,agg,2,placebo,placebo,placebo,NA,NA,302,149,18
NCT00305604,agg,2,A10BH01,A10BH01,sitagliptin,NA,100,206,102,32
NCT00305604,agg,2,placebo,placebo,placebo,NA,NA,206,104,47
NCT00313001,agg,2,A10A,A10A,INSULINS AND ANALOGUES,NA,NA,372,248,44
NCT00313001,agg,2,A10BJ01,A10BJ01,exenatide,NA,10,372,124,37
NCT00313313,agg,2,A10BH03,A10BH03,saxagliptin,NA,2.5,768,246,248
NCT00313313,agg,2,A10BH03,A10BH03,saxagliptin,NA,5,768,250,253
NCT00313313,agg,2,placebo,placebo,placebo,NA,NA,768,264,267
NCT00316082,agg,2,A10BH03,A10BH03,saxagliptin,NA,2.5,294,74,19
NCT00316082,agg,2,A10BH03,A10BH03,saxagliptin,NA,5,294,146,37
NCT00316082,agg,2,placebo,placebo,placebo,NA,NA,294,74,21
NCT00318461,agg,3,A10BB12,A10BB12,glimepiride,NA,NA,1091,244,34
NCT00318461,agg,3,A10BJ02,A10BJ02,liraglutide,NA,0.6,1091,242,44
NCT00318461,agg,3,A10BJ02,A10BJ02,liraglutide,NA,1.2,1091,241,51
NCT00318461,agg,3,A10BJ02,A10BJ02,liraglutide,NA,1.8,1091,242,34
NCT00318461,agg,3,placebo,placebo,placebo,NA,NA,1091,122,48
NCT00324363,agg,2,A10BJ01,A10BJ01,exenatide,NA,10,466,234,41
NCT00324363,agg,2,placebo,placebo,placebo,NA,NA,466,232,24
NCT00325117,agg,2,A10BH02,A10BH02,vildagliptin,NA,50,202,102,3
NCT00325117,agg,2,placebo,placebo,placebo,NA,NA,202,100,4
NCT00327015,agg,2,A10BA02,A10BA02,metformin,NA,500,663,328,85
NCT00327015,agg,2,A10BH03,A10BH03,saxagliptin,NA,10,663,335,110
NCT00328627,agg,3,A10BG03,A10BG03,pioglitazone,NA,NA,646,388,104
NCT00328627,agg,3,A10BH04,A10BH04,alogliptin,NA,25,646,129,28
NCT00328627,agg,3,placebo,placebo,placebo,NA,NA,646,129,59
NCT00331851,agg,3,A10A,A10A,INSULINS AND ANALOGUES,NA,NA,581,234,13
NCT00331851,agg,3,A10BJ02,A10BJ02,liraglutide,NA,1.8,581,232,23
NCT00331851,agg,3,placebo,placebo,placebo,NA,NA,581,115,18
NCT00333151,agg,2,A10BJ02,A10BJ02,liraglutide,NA,1.2,533,178,25
NCT00333151,agg,2,A10BJ02,A10BJ02,liraglutide,NA,1.8,533,178,27
NCT00333151,agg,2,placebo,placebo,placebo,NA,NA,533,177,6
NCT00337610,agg,2,A10BH01,A10BH01,sitagliptin,NA,100,190,96,14
NCT00337610,agg,2,placebo,placebo,placebo,NA,NA,190,94,17
NCT00350779,agg,2,A10BH01,A10BH01,sitagliptin,NA,100,262,170,22
NCT00350779,agg,2,placebo,placebo,placebo,NA,NA,262,92,21
NCT00351832,agg,2,A10BH02,A10BH02,vildagliptin,NA,100,239,57,3
NCT00351832,agg,2,A10BH02,A10BH02,vildagliptin,NA,50,239,121,5
NCT00351832,agg,2,placebo,placebo,placebo,NA,NA,239,61,2
NCT00351884,agg,2,A10BH02,A10BH02,vildagliptin,NA,100,370,248,51
NCT00351884,agg,2,placebo,placebo,placebo,NA,NA,370,122,32
NCT00359762,agg,2,A10BB12,A10BB12,glimepiride,NA,NA,1029,514,128
NCT00359762,agg,2,A10BJ01,A10BJ01,exenatide,NA,10,1029,515,174
NCT00363948,agg,2,A10BH01,A10BH01,sitagliptin,NA,50,149,77,1
NCT00363948,agg,2,placebo,placebo,placebo,NA,NA,149,72,4
NCT00368134,agg,2,A10BF03,A10BF03,voglibose,NA,NA,380,192,10
NCT00368134,agg,2,A10BH02,A10BH02,vildagliptin,NA,50,380,188,9
NCT00372060,agg,2,A10BH01,A10BH01,sitagliptin,NA,50,134,66,3
NCT00372060,agg,2,placebo,placebo,placebo,NA,NA,134,68,1
NCT00375492,agg,2,A10BJ01,A10BJ01,exenatide,NA,10,194,96,26
NCT00375492,agg,2,placebo,placebo,placebo,NA,NA,194,98,26
NCT00381342,agg,2,A10BJ01,A10BJ01,exenatide,NA,10,232,78,10
NCT00381342,agg,2,A10BJ01,A10BJ01,exenatide,NA,5,232,77,11
NCT00381342,agg,2,placebo,placebo,placebo,NA,NA,232,77,9
NCT00382096,agg,2,A10BA02,A10BA02,metformin,NA,1000,594,294,49
NCT00382096,agg,2,A10BH02,A10BH02,vildagliptin,NA,50,594,300,55
NCT00383578,agg,2,A10BA02,A10BA02,metformin,NA,1500,335,166,26
NCT00383578,agg,2,A10BH02,A10BH02,vildagliptin,NA,100,335,169,27
NCT00393718,agg,2,A10BB01,A10BB01,glibenclamide,NA,NA,400,132,22
NCT00393718,agg,2,A10BJ02,A10BJ02,liraglutide,NA,0.9,400,268,43
NCT00395343,agg,2,A10BH01,A10BH01,sitagliptin,NA,100,641,322,41
NCT00395343,agg,2,placebo,placebo,placebo,NA,NA,641,319,36
NCT00395512,agg,2,A10BG03,A10BG03,pioglitazone,NA,NA,327,163,37
NCT00395512,agg,2,A10BH04,A10BH04,alogliptin,NA,25,327,164,38
NCT00395746,agg,2,A10BJ02,A10BJ02,liraglutide,NA,0.6,264,88,10
NCT00395746,agg,2,A10BJ02,A10BJ02,liraglutide,NA,0.9,264,88,4
NCT00395746,agg,2,placebo,placebo,placebo,NA,NA,264,88,22
NCT00396227,agg,2,A10BG,A10BG,Thiazolidinediones,NA,NA,2664,888,105
NCT00396227,agg,2,A10BH02,A10BH02,vildagliptin,NA,100,2664,1776,184
NCT00397631,agg,2,A10BH01,A10BH01,sitagliptin,NA,100,520,261,30
NCT00397631,agg,2,placebo,placebo,placebo,NA,NA,520,259,44
NCT00411554,agg,2,A10BF03,A10BF03,voglibose,NA,NA,319,156,9
NCT00411554,agg,2,A10BH01,A10BH01,sitagliptin,NA,50,319,163,8
NCT00432276,agg,2,A10BH04,A10BH04,alogliptin,NA,25,803,404,121
NCT00432276,agg,2,placebo,placebo,placebo,NA,NA,803,399,156
NCT00434954,agg,2,A10A,A10A,INSULINS AND ANALOGUES,NA,NA,494,246,71
NCT00434954,agg,2,A10BJ01,A10BJ01,exenatide,NA,10,494,248,82
NCT00449930,agg,2,A10BA02,A10BA02,metformin,NA,500,1050,522,75
NCT00449930,agg,2,A10BH01,A10BH01,sitagliptin,NA,100,1050,528,61
NCT00482729,agg,2,A10BH01,A10BH01,sitagliptin,NA,50,1250,626,217
NCT00482729,agg,2,placebo,placebo,placebo,NA,NA,1250,624,218
NCT00509262,agg,2,A10BB07,A10BB07,glipizide,NA,NA,423,212,42
NCT00509262,agg,2,A10BH01,A10BH01,sitagliptin,NA,100,423,211,47
NCT00518882,agg,2,A10BJ01,A10BJ01,exenatide,NA,10,467,232,45
NCT00518882,agg,2,A10BJ02,A10BJ02,liraglutide,NA,1.8,467,235,33
NCT00528372,agg,2,A10BK01,A10BK01,dapagliflozin,NA,10,274,70,13
NCT00528372,agg,2,A10BK01,A10BK01,dapagliflozin,NA,2.5,274,65,5
NCT00528372,agg,2,A10BK01,A10BK01,dapagliflozin,NA,5,274,64,12
NCT00528372,agg,2,placebo,placebo,placebo,NA,NA,274,75,12
NCT00528879,agg,2,A10BK01,A10BK01,dapagliflozin,NA,10,546,135,16
NCT00528879,agg,2,A10BK01,A10BK01,dapagliflozin,NA,2.5,546,137,17
NCT00528879,agg,2,A10BK01,A10BK01,dapagliflozin,NA,5,546,137,15
NCT00528879,agg,2,placebo,placebo,placebo,NA,NA,546,137,22
NCT00541775,agg,3,A10BG02,A10BG02,rosiglitazone,NA,NA,273,87,2
NCT00541775,agg,3,A10BH01,A10BH01,sitagliptin,NA,100,273,94,9
NCT00541775,agg,3,placebo,placebo,placebo,NA,NA,273,92,8
NCT00575588,agg,2,A10BB07,A10BB07,glipizide,NA,NA,858,430,283
NCT00575588,agg,2,A10BH03,A10BH03,saxagliptin,NA,5,858,428,263
NCT00577824,agg,2,A10BJ01,A10BJ01,exenatide,NA,10,181,73,20
NCT00577824,agg,2,A10BJ01,A10BJ01,exenatide,NA,5,181,72,7
NCT00577824,agg,2,placebo,placebo,placebo,NA,NA,181,36,2
NCT00601250,ipd,2,A10BH05,A10BH05,linagliptin,NA,5,700,523,39
NCT00601250,ipd,2,placebo,placebo,placebo,NA,NA,700,177,14
NCT00602472,ipd,2,A10BH05,A10BH05,linagliptin,NA,5,1055,792,58
NCT00602472,ipd,2,placebo,placebo,placebo,NA,NA,1055,263,21
NCT00603239,agg,2,A10BJ01,A10BJ01,exenatide,NA,10,165,111,15
NCT00603239,agg,2,placebo,placebo,placebo,NA,NA,165,54,4
NCT00614120,agg,2,A10BB12,A10BB12,glimepiride,NA,NA,929,231,16
NCT00614120,agg,2,A10BJ02,A10BJ02,liraglutide,NA,0.6,929,231,29
NCT00614120,agg,2,A10BJ02,A10BJ02,liraglutide,NA,1.2,929,233,46
NCT00614120,agg,2,A10BJ02,A10BJ02,liraglutide,NA,1.8,929,234,59
NCT00614939,agg,2,A10BH03,A10BH03,saxagliptin,NA,2.5,170,85,43
NCT00614939,agg,2,placebo,placebo,placebo,NA,NA,170,85,35
NCT00616811,agg,2,A10BH01,A10BH01,sitagliptin,NA,25,148,65,12
NCT00616811,agg,2,A10BH02,A10BH02,vildagliptin,NA,50,148,83,16
NCT00621140,ipd,2,A10BH05,A10BH05,linagliptin,NA,5,503,336,18
NCT00621140,ipd,2,placebo,placebo,placebo,NA,NA,503,167,15
NCT00622284,ipd,2,A10BB12,A10BB12,glimepiride,NA,NA,1551,775,171
NCT00622284,ipd,2,A10BH05,A10BH05,linagliptin,NA,5,1551,776,189
NCT00637273,agg,3,A10BG03,A10BG03,pioglitazone,NA,NA,514,172,41
NCT00637273,agg,3,A10BH01,A10BH01,sitagliptin,NA,100,514,172,28
NCT00637273,agg,3,A10BJ01,A10BJ01,exenatide,NA,2,514,170,43
NCT00641043,ipd,2,A10BH05,A10BH05,linagliptin,NA,5,389,259,15
NCT00641043,ipd,2,placebo,placebo,placebo,NA,NA,389,130,19
NCT00641056,agg,2,A10A,A10A,INSULINS AND ANALOGUES,NA,NA,467,234,25
NCT00641056,agg,2,A10BJ01,A10BJ01,exenatide,NA,2,467,233,29
NCT00643851,agg,2,A10BA02,A10BA02,metformin,NA,500,404,201,30
NCT00643851,agg,2,A10BK01,A10BK01,dapagliflozin,NA,5,404,203,33
NCT00654381,ipd,3,A10BF03,A10BF03,voglibose,NA,NA,561,162,4
NCT00654381,ipd,3,A10BH05,A10BH05,linagliptin,NA,10,561,160,5
NCT00654381,ipd,3,A10BH05,A10BH05,linagliptin,NA,5,561,159,3
NCT00654381,ipd,3,placebo,placebo,placebo,NA,NA,561,80,6
NCT00660907,agg,2,A10BB07,A10BB07,glipizide,NA,NA,814,408,94
NCT00660907,agg,2,A10BK01,A10BK01,dapagliflozin,NA,10,814,406,84
NCT00661362,agg,2,A10BH03,A10BH03,saxagliptin,NA,5,570,283,29
NCT00661362,agg,2,placebo,placebo,placebo,NA,NA,570,287,40
NCT00666458,agg,2,A10BH01,A10BH01,sitagliptin,NA,100,801,398,24
NCT00666458,agg,2,A10BH03,A10BH03,saxagliptin,NA,5,801,403,38
NCT00673231,agg,2,A10BK01,A10BK01,dapagliflozin,NA,10,807,196,18
NCT00673231,agg,2,A10BK01,A10BK01,dapagliflozin,NA,2.5,807,202,22
NCT00673231,agg,2,A10BK01,A10BK01,dapagliflozin,NA,5,807,212,26
NCT00673231,agg,2,placebo,placebo,placebo,NA,NA,807,197,29
NCT00676338,agg,4,A10BA02,A10BA02,metformin,NA,1000,820,246,33
NCT00676338,agg,4,A10BG03,A10BG03,pioglitazone,NA,NA,820,163,30
NCT00676338,agg,4,A10BH01,A10BH01,sitagliptin,NA,100,820,163,23
NCT00676338,agg,4,A10BJ01,A10BJ01,exenatide,NA,2,820,248,38
NCT00680745,agg,2,A10BK01,A10BK01,dapagliflozin,NA,10,596,151,10
NCT00680745,agg,2,A10BK01,A10BK01,dapagliflozin,NA,2.5,596,154,14
NCT00680745,agg,2,A10BK01,A10BK01,dapagliflozin,NA,5,596,145,13
NCT00680745,agg,2,placebo,placebo,placebo,NA,NA,596,146,13
NCT00683878,agg,2,A10BK01,A10BK01,dapagliflozin,NA,10,420,140,14
NCT00683878,agg,2,A10BK01,A10BK01,dapagliflozin,NA,5,420,141,16
NCT00683878,agg,2,placebo,placebo,placebo,NA,NA,420,139,23
NCT00698932,agg,2,A10BH03,A10BH03,saxagliptin,NA,5,568,284,22
NCT00698932,agg,2,placebo,placebo,placebo,NA,NA,568,284,36
NCT00700817,agg,2,A10BH01,A10BH01,sitagliptin,NA,100,665,219,25
NCT00700817,agg,2,A10BJ02,A10BJ02,liraglutide,NA,1.2,665,225,56
NCT00700817,agg,2,A10BJ02,A10BJ02,liraglutide,NA,1.8,665,221,30
NCT00701090,agg,2,A10BB12,A10BB12,glimepiride,NA,NA,1035,519,51
NCT00701090,agg,2,A10BH01,A10BH01,sitagliptin,NA,100,1035,516,48
NCT00707031,ipd,2,A10BJ01,A10BJ01,exenatide,NA,10,639,319,99
NCT00707031,ipd,2,A10BJ03,A10BJ03,lixisenatide,NA,20,639,320,104
NCT00707993,ipd,2,A10BB07,A10BB07,glipizide,NA,NA,441,219,94
NCT00707993,ipd,2,A10BH04,A10BH04,alogliptin,NA,25,441,222,89
NCT00713830,ipd,2,A10BJ03,A10BJ03,lixisenatide,NA,20,859,573,177
NCT00713830,ipd,2,placebo,placebo,placebo,NA,NA,859,286,82
NCT00715624,ipd,2,A10BJ03,A10BJ03,lixisenatide,NA,20,496,329,116
NCT00715624,ipd,2,placebo,placebo,placebo,NA,NA,496,167,52
NCT00717457,agg,2,A10BJ01,A10BJ01,exenatide,NA,5,1149,373,51
NCT00717457,agg,2,A10BJ__04,A10BJ04,albiglutide,taspoglutide,10,1149,384,62
NCT00717457,agg,2,A10BJ__04,A10BJ04,albiglutide,taspoglutide,20,1149,392,83
NCT00722371,agg,2,A10BG03,A10BG03,pioglitazone,NA,NA,2310,693,200
NCT00722371,agg,2,A10BH01,A10BH01,sitagliptin,NA,100,2310,231,56
NCT00740051,ipd,2,A10BH05,A10BH05,linagliptin,NA,5,227,151,32
NCT00740051,ipd,2,placebo,placebo,placebo,NA,NA,227,76,18
NCT00744367,agg,2,A10BJ__04,A10BJ04,albiglutide,taspoglutide,10,313,106,13
NCT00744367,agg,2,A10BJ__04,A10BJ04,albiglutide,taspoglutide,20,313,113,16
NCT00744367,agg,2,placebo,placebo,placebo,NA,NA,313,94,6
NCT00751114,agg,2,A10A,A10A,INSULINS AND ANALOGUES,NA,NA,515,250,38
NCT00751114,agg,2,A10BH01,A10BH01,sitagliptin,NA,100,515,265,32
NCT00754988,agg,3,A10BH01,A10BH01,sitagliptin,NA,100,636,177,5
NCT00754988,agg,3,A10BJ__04,A10BJ04,albiglutide,taspoglutide,10,636,182,34
NCT00754988,agg,3,A10BJ__04,A10BJ04,albiglutide,taspoglutide,20,636,187,48
NCT00754988,agg,3,placebo,placebo,placebo,NA,NA,636,90,7
NCT00755287,agg,2,A10A,A10A,INSULINS AND ANALOGUES,NA,NA,1028,319,26
NCT00755287,agg,2,A10BJ__04,A10BJ04,albiglutide,taspoglutide,10,1028,361,71
NCT00755287,agg,2,A10BJ__04,A10BJ04,albiglutide,taspoglutide,20,1028,348,73
NCT00757588,agg,2,A10BH03,A10BH03,saxagliptin,NA,5,455,304,36
NCT00757588,agg,2,placebo,placebo,placebo,NA,NA,455,151,17
NCT00763815,ipd,2,A10BJ03,A10BJ03,lixisenatide,NA,20,484,323,84
NCT00763815,ipd,2,placebo,placebo,placebo,NA,NA,484,161,52
NCT00765817,agg,2,A10BJ01,A10BJ01,exenatide,NA,10,261,138,26
NCT00765817,agg,2,placebo,placebo,placebo,NA,NA,261,123,22
NCT00798161,ipd,3,A10BA02,A10BA02,metformin,NA,1000,505,147,21
NCT00798161,ipd,3,A10BA02,A10BA02,metformin,NA,500,505,144,17
NCT00798161,ipd,3,A10BH05,A10BH05,linagliptin,NA,5,505,142,21
NCT00798161,ipd,3,placebo,placebo,placebo,NA,NA,505,72,18
NCT00800683,ipd,2,A10BH05,A10BH05,linagliptin,NA,5,133,68,19
NCT00800683,ipd,2,placebo,placebo,placebo,NA,NA,133,65,17
NCT00813995,agg,2,A10BH01,A10BH01,sitagliptin,NA,100,395,197,23
NCT00813995,agg,2,placebo,placebo,placebo,NA,NA,395,198,16
NCT00819091,ipd,2,A10BH05,A10BH05,linagliptin,NA,5,245,161,10
NCT00819091,ipd,2,placebo,placebo,placebo,NA,NA,245,84,7
NCT00822211,agg,2,A10BH02,A10BH02,vildagliptin,NA,50,438,294,22
NCT00822211,agg,2,placebo,placebo,placebo,NA,NA,438,144,13
NCT00823992,agg,2,A10BJ__04,A10BJ04,albiglutide,taspoglutide,20,292,149,29
NCT00823992,agg,2,placebo,placebo,placebo,NA,NA,292,143,7
NCT00837577,agg,2,A10BH01,A10BH01,sitagliptin,NA,50,133,70,2
NCT00838903,ipd,4,A10BB12,A10BB12,glimepiride,NA,NA,NA,NA,NA
NCT00838903,ipd,4,A10BH01,A10BH01,sitagliptin,NA,100,1012,302,112
NCT00838903,ipd,4,A10BJ04,A10BJ04,albiglutide,NA,30,1012,302,110
NCT00838903,ipd,4,placebo,placebo,placebo,NA,NA,1012,101,46
NCT00838916,ipd,2,A10A,A10A,INSULINS AND ANALOGUES,NA,NA,745,241,77
NCT00838916,ipd,2,A10BJ04,A10BJ04,albiglutide,NA,30,745,504,196
NCT00839527,ipd,3,A10BG03,A10BG03,pioglitazone,NA,NA,663,277,118
NCT00839527,ipd,3,A10BJ04,A10BJ04,albiglutide,NA,30,663,271,119
NCT00839527,ipd,3,placebo,placebo,placebo,NA,NA,663,115,60
NCT00849017,ipd,2,A10BJ04,A10BJ04,albiglutide,NA,30,301,101,33
NCT00849017,ipd,2,A10BJ04,A10BJ04,albiglutide,NA,50,301,99,42
NCT00849017,ipd,2,placebo,placebo,placebo,NA,NA,301,101,43
NCT00849056,ipd,2,A10BJ04,A10BJ04,albiglutide,NA,30,301,150,50
NCT00849056,ipd,2,placebo,placebo,placebo,NA,NA,301,151,63
NCT00854035,agg,2,A10BH01,A10BH01,sitagliptin,NA,50,266,129,4
NCT00854035,agg,2,placebo,placebo,placebo,NA,NA,266,137,8
NCT00856284,ipd,2,A10BB07,A10BB07,glipizide,NA,NA,2639,874,447
NCT00856284,ipd,2,A10BH04,A10BH04,alogliptin,NA,12.5,2639,880,408
NCT00856284,ipd,2,A10BH04,A10BH04,alogliptin,NA,25,2639,885,392
NCT00859898,agg,2,A10BA02,A10BA02,metformin,NA,500,427,208,27
NCT00859898,agg,2,A10BK01,A10BK01,dapagliflozin,NA,10,427,219,31
NCT00866658,ipd,2,A10BJ03,A10BJ03,lixisenatide,NA,20,311,154,21
NCT00866658,ipd,2,placebo,placebo,placebo,NA,NA,311,157,13
NCT00870194,agg,2,A10BH01,A10BH01,sitagliptin,NA,100,255,128,14
NCT00870194,agg,2,placebo,placebo,placebo,NA,NA,255,127,26
NCT00885352,agg,2,A10BH01,A10BH01,sitagliptin,NA,100,313,157,8
NCT00885352,agg,2,placebo,placebo,placebo,NA,NA,313,156,20
NCT00885378,agg,2,A10BH03,A10BH03,saxagliptin,NA,2.5,160,74,8
NCT00885378,agg,2,placebo,placebo,placebo,NA,NA,160,86,8
NCT00894868,agg,2,A10BH02,A10BH02,vildagliptin,NA,50,254,128,27
NCT00894868,agg,2,placebo,placebo,placebo,NA,NA,254,126,26
NCT00909597,agg,2,A10BG03,A10BG03,pioglitazone,NA,NA,740,255,27
NCT00909597,agg,2,A10BJ__04,A10BJ04,albiglutide,taspoglutide,10,740,240,20
NCT00909597,agg,2,A10BJ__04,A10BJ04,albiglutide,taspoglutide,20,740,245,48
NCT00915772,ipd,2,A10BA02,A10BA02,metformin,NA,500,NA,NA,NA
NCT00915772,ipd,2,A10BH05,A10BH05,linagliptin,NA,2.5,395,225,46
NCT00918879,agg,2,A10BH03,A10BH03,saxagliptin,NA,5,213,107,6
NCT00918879,agg,2,placebo,placebo,placebo,NA,NA,213,106,6
NCT00935532,agg,2,A10A,A10A,INSULINS AND ANALOGUES,NA,NA,427,212,11
NCT00935532,agg,2,A10BJ01,A10BJ01,exenatide,NA,2,427,215,22
NCT00954447,ipd,2,A10BH05,A10BH05,linagliptin,NA,5,1261,631,88
NCT00954447,ipd,2,placebo,placebo,placebo,NA,NA,1261,630,110
NCT00957060,agg,2,A10BB12,A10BB12,glimepiride,NA,NA,400,200,179
NCT00957060,agg,2,A10BH01,A10BH01,sitagliptin,NA,100,400,200,179
NCT00960076,agg,2,A10BA02,A10BA02,metformin,NA,1000,282,144,25
NCT00960076,agg,2,A10BH03,A10BH03,saxagliptin,NA,5,282,138,8
NCT00960661,agg,2,A10A,A10A,INSULINS AND ANALOGUES,NA,NA,637,321,46
NCT00960661,agg,2,A10BJ01,A10BJ01,exenatide,NA,10,637,316,52
NCT00968812,ipd,2,A10BB12,A10BB12,glimepiride,NA,NA,1450,482,168
NCT00968812,ipd,2,A10BK02,A10BK02,canagliflozin,NA,100,1450,483,140
NCT00968812,ipd,2,A10BK02,A10BK02,canagliflozin,NA,300,1450,485,162
NCT00974090,agg,2,A10BH__06,A10BH06,gemigliptin,NA,20,194,96,1
NCT00974090,agg,2,placebo,placebo,placebo,NA,NA,194,98,3
NCT00975286,ipd,2,A10BJ03,A10BJ03,lixisenatide,NA,20,446,223,12
NCT00975286,ipd,2,placebo,placebo,placebo,NA,NA,446,223,29
NCT00976391,ipd,2,A10A,A10A,INSULINS AND ANALOGUES,NA,NA,566,281,39
NCT00976391,ipd,2,A10BJ04,A10BJ04,albiglutide,NA,30,566,285,42
NCT00976937,ipd,2,A10BH01,A10BH01,sitagliptin,NA,100,319,161,11
NCT00976937,ipd,2,A10BJ03,A10BJ03,lixisenatide,NA,20,319,158,16
NCT00984867,agg,2,A10BK01,A10BK01,dapagliflozin,NA,10,451,225,17
NCT00984867,agg,2,placebo,placebo,placebo,NA,NA,451,226,23
NCT00996658,ipd,2,A10BH05,A10BH05,linagliptin,NA,5,NA,NA,NA
NCT00996658,ipd,2,placebo,placebo,placebo,NA,NA,278,92,16
NCT00998881,agg,2,A10BH__06,A10BH06,gemigliptin,NA,20,203,99,2
NCT00998881,agg,2,placebo,placebo,placebo,NA,NA,203,104,8
NCT01003184,agg,2,A10A,A10A,INSULINS AND ANALOGUES,NA,NA,222,111,12
NCT01003184,agg,2,A10BJ01,A10BJ01,exenatide,NA,2,222,111,19
NCT01006590,agg,2,A10BA02,A10BA02,metformin,NA,500,286,139,32
NCT01006590,agg,2,A10BH03,A10BH03,saxagliptin,NA,5,286,147,28
NCT01006603,agg,2,A10BB12,A10BB12,glimepiride,NA,NA,720,360,75
NCT01006603,agg,2,A10BH03,A10BH03,saxagliptin,NA,5,720,360,71
NCT01023581,ipd,3,A10BA02,A10BA02,metformin,NA,1000,559,111,16
NCT01023581,ipd,3,A10BA02,A10BA02,metformin,NA,500,559,114,20
NCT01023581,ipd,3,A10BH04,A10BH04,alogliptin,NA,12.5,559,113,42
NCT01023581,ipd,3,A10BH04,A10BH04,alogliptin,NA,25,559,112,23
NCT01023581,ipd,3,placebo,placebo,placebo,NA,NA,559,109,35
NCT01026194,agg,2,A10BH__06,A10BH06,gemigliptin,NA,20,204,103,5
NCT01026194,agg,2,placebo,placebo,placebo,NA,NA,204,101,3
NCT01028391,agg,2,A10BH01,A10BH01,sitagliptin,NA,100,317,164,14
NCT01028391,agg,2,placebo,placebo,placebo,NA,NA,317,153,11
NCT01029886,agg,2,A10BJ01,A10BJ01,exenatide,NA,2,912,461,61
NCT01029886,agg,2,A10BJ02,A10BJ02,liraglutide,NA,1.8,912,451,60
NCT01031680,agg,2,A10BK01,A10BK01,dapagliflozin,NA,10,922,460,57
NCT01031680,agg,2,placebo,placebo,placebo,NA,NA,922,462,58
NCT01042977,agg,2,A10BK01,A10BK01,dapagliflozin,NA,10,965,482,41
NCT01042977,agg,2,placebo,placebo,placebo,NA,NA,965,483,55
NCT01046110,agg,2,A10A,A10A,INSULINS AND ANALOGUES,NA,NA,458,229,55
NCT01046110,agg,2,A10BH01,A10BH01,sitagliptin,NA,100,458,229,55
NCT01057628,agg,2,A10BK_05,A10BK05,ipragliflozin,NA,50,129,62,4
NCT01057628,agg,2,placebo,placebo,placebo,NA,NA,129,67,10
NCT01064414,agg,2,A10BK02,A10BK02,canagliflozin,NA,100,269,90,15
NCT01064414,agg,2,A10BK02,A10BK02,canagliflozin,NA,300,269,89,7
NCT01064414,agg,2,placebo,placebo,placebo,NA,NA,269,90,13
NCT01064687,ipd,3,A10BJ01,A10BJ01,exenatide,NA,10,978,278,41
NCT01064687,ipd,3,A10BJ05,A10BJ05,dulaglutide,NA,0.75,978,280,26
NCT01064687,ipd,3,A10BJ05,A10BJ05,dulaglutide,NA,1.5,978,279,34
NCT01064687,ipd,3,placebo,placebo,placebo,NA,NA,978,141,17
NCT01075282,ipd,2,A10A,A10A,INSULINS AND ANALOGUES,NA,NA,810,265,27
NCT01075282,ipd,2,A10BJ05,A10BJ05,dulaglutide,NA,0.75,810,272,29
NCT01075282,ipd,2,A10BJ05,A10BJ05,dulaglutide,NA,1.5,810,273,31
NCT01076075,agg,2,A10BH01,A10BH01,sitagliptin,NA,100,427,213,41
NCT01076075,agg,2,placebo,placebo,placebo,NA,NA,427,214,47
NCT01076088,agg,3,A10BA02,A10BA02,metformin,NA,500,497,126,17
NCT01076088,agg,3,A10BA02,A10BA02,metformin,NA,850,497,124,15
NCT01076088,agg,3,A10BH01,A10BH01,sitagliptin,NA,100,497,120,16
NCT01076088,agg,3,placebo,placebo,placebo,NA,NA,497,127,23
NCT01081834,ipd,2,A10BK02,A10BK02,canagliflozin,NA,100,584,195,23
NCT01081834,ipd,2,A10BK02,A10BK02,canagliflozin,NA,300,584,197,22
NCT01081834,ipd,2,placebo,placebo,placebo,NA,NA,584,192,32
NCT01084005,ipd,2,A10BH05,A10BH05,linagliptin,NA,5,241,162,16
NCT01084005,ipd,2,placebo,placebo,placebo,NA,NA,241,79,5
NCT01087502,ipd,2,A10BH05,A10BH05,linagliptin,NA,5,241,118,8
NCT01087502,ipd,2,placebo,placebo,placebo,NA,NA,241,123,9
NCT01095653,agg,2,A10BK01,A10BK01,dapagliflozin,NA,10,393,133,16
NCT01095653,agg,2,A10BK01,A10BK01,dapagliflozin,NA,5,393,128,15
NCT01095653,agg,2,placebo,placebo,placebo,NA,NA,393,132,19
NCT01095666,agg,2,A10BK01,A10BK01,dapagliflozin,NA,10,444,152,7
NCT01095666,agg,2,A10BK01,A10BK01,dapagliflozin,NA,5,444,147,11
NCT01095666,agg,2,placebo,placebo,placebo,NA,NA,444,145,17
NCT01098539,ipd,2,A10BH01,A10BH01,sitagliptin,NA,100,495,246,68
NCT01098539,ipd,2,A10BJ04,A10BJ04,albiglutide,NA,30,495,249,51
NCT01099137,agg,2,A10BB12,A10BB12,glimepiride,NA,NA,344,172,20
NCT01099137,agg,2,A10BH02,A10BH02,vildagliptin,NA,50,344,172,15
NCT01106625,ipd,2,A10BK02,A10BK02,canagliflozin,NA,100,469,157,28
NCT01106625,ipd,2,A10BK02,A10BK02,canagliflozin,NA,300,469,156,33
NCT01106625,ipd,2,placebo,placebo,placebo,NA,NA,469,156,27
NCT01106651,ipd,2,A10BK02,A10BK02,canagliflozin,NA,100,714,241,57
NCT01106651,ipd,2,A10BK02,A10BK02,canagliflozin,NA,300,714,236,58
NCT01106651,ipd,2,placebo,placebo,placebo,NA,NA,714,237,79
NCT01106677,ipd,3,A10BH01,A10BH01,sitagliptin,NA,100,1284,366,47
NCT01106677,ipd,3,A10BK02,A10BK02,canagliflozin,NA,100,1284,368,46
NCT01106677,ipd,3,A10BK02,A10BK02,canagliflozin,NA,300,1284,367,44
NCT01106677,ipd,3,placebo,placebo,placebo,NA,NA,1284,183,28
NCT01106690,ipd,2,A10BK02,A10BK02,canagliflozin,NA,100,342,113,9
NCT01106690,ipd,2,A10BK02,A10BK02,canagliflozin,NA,300,342,114,13
NCT01106690,ipd,2,placebo,placebo,placebo,NA,NA,342,115,24
NCT01117350,agg,2,A10A,A10A,INSULINS AND ANALOGUES,NA,NA,978,489,42
NCT01117350,agg,2,A10BJ02,A10BJ02,liraglutide,NA,1.8,978,489,75
NCT01126580,ipd,2,A10BA02,A10BA02,metformin,NA,750,807,268,55
NCT01126580,ipd,2,A10BJ05,A10BJ05,dulaglutide,NA,0.75,807,270,52
NCT01126580,ipd,2,A10BJ05,A10BJ05,dulaglutide,NA,1.5,807,269,49
NCT01128153,agg,2,A10BH03,A10BH03,saxagliptin,NA,5,257,129,16
NCT01128153,agg,2,placebo,placebo,placebo,NA,NA,257,128,15
NCT01128894,ipd,2,A10BJ02,A10BJ02,liraglutide,NA,1.8,812,408,68
NCT01128894,ipd,2,A10BJ04,A10BJ04,albiglutide,NA,50,812,404,58
NCT01137474,agg,2,A10BK01,A10BK01,dapagliflozin,NA,10,613,302,21
NCT01137474,agg,2,placebo,placebo,placebo,NA,NA,613,311,24
NCT01137812,ipd,2,A10BH01,A10BH01,sitagliptin,NA,100,755,378,168
NCT01137812,ipd,2,A10BK02,A10BK02,canagliflozin,NA,300,755,377,123
NCT01147627,agg,3,A10A,A10A,INSULINS AND ANALOGUES,NA,NA,416,138,24
NCT01147627,agg,3,A10BG03,A10BG03,pioglitazone,NA,NA,416,136,18
NCT01147627,agg,3,A10BJ01,A10BJ01,exenatide,NA,10,416,142,32
NCT01159600,ipd,2,A10BK03,A10BK03,empagliflozin,NA,10,4364,875,63
NCT01159600,ipd,2,A10BK03,A10BK03,empagliflozin,NA,25,4364,875,63
NCT01159600,ipd,2,placebo,placebo,placebo,NA,NA,4364,432,45
NCT01164501,ipd,2,A10BK03,A10BK03,empagliflozin,NA,10,741,98,10
NCT01164501,ipd,2,A10BK03,A10BK03,empagliflozin,NA,25,741,322,42
NCT01164501,ipd,2,placebo,placebo,placebo,NA,NA,741,321,43
NCT01167881,ipd,2,A10BB12,A10BB12,glimepiride,NA,NA,1549,780,191
NCT01167881,ipd,2,A10BK03,A10BK03,empagliflozin,NA,25,1549,769,159
NCT01169779,ipd,2,A10BJ03,A10BJ03,lixisenatide,NA,20,391,196,17
NCT01169779,ipd,2,placebo,placebo,placebo,NA,NA,391,195,11
NCT01177384,agg,2,A10BH01,A10BH01,sitagliptin,NA,100,381,191,14
NCT01177384,agg,2,placebo,placebo,placebo,NA,NA,381,190,26
NCT01177813,ipd,3,A10BH01,A10BH01,sitagliptin,NA,100,899,223,17
NCT01177813,ipd,3,A10BK03,A10BK03,empagliflozin,NA,10,899,224,18
NCT01177813,ipd,3,A10BK03,A10BK03,empagliflozin,NA,25,899,224,20
NCT01177813,ipd,3,placebo,placebo,placebo,NA,NA,899,228,41
NCT01183013,agg,2,A10BG03,A10BG03,pioglitazone,NA,NA,1362,409,125
NCT01183013,agg,2,A10BH05,A10BH05,linagliptin,NA,5,1362,135,30
NCT01183104,agg,2,A10BB12,A10BB12,glimepiride,NA,NA,305,152,41
NCT01183104,agg,2,A10BH01,A10BH01,sitagliptin,NA,50,305,153,34
NCT01189890,agg,2,A10BB12,A10BB12,glimepiride,NA,NA,480,239,39
NCT01189890,agg,2,A10BH01,A10BH01,sitagliptin,NA,100,480,241,37
NCT01191268,ipd,2,A10A,A10A,INSULINS AND ANALOGUES,NA,NA,884,296,52
NCT01191268,ipd,2,A10BJ05,A10BJ05,dulaglutide,NA,0.75,884,293,55
NCT01191268,ipd,2,A10BJ05,A10BJ05,dulaglutide,NA,1.5,884,295,58
NCT01194830,ipd,2,A10BH05,A10BH05,linagliptin,NA,5,234,110,27
NCT01194830,ipd,2,placebo,placebo,placebo,NA,NA,234,124,36
NCT01195662,agg,2,A10BK01,A10BK01,dapagliflozin,NA,10,449,225,14
NCT01195662,agg,2,placebo,placebo,placebo,NA,NA,449,224,22
NCT01210001,ipd,2,A10BK03,A10BK03,empagliflozin,NA,10,499,165,11
NCT01210001,ipd,2,A10BK03,A10BK03,empagliflozin,NA,25,499,168,12
NCT01210001,ipd,2,placebo,placebo,placebo,NA,NA,499,166,19
NCT01214239,ipd,2,A10BH05,A10BH05,linagliptin,NA,5,299,200,18
NCT01214239,ipd,2,placebo,placebo,placebo,NA,NA,299,99,12
NCT01215097,ipd,2,A10BH05,A10BH05,linagliptin,NA,5,305,205,14
NCT01215097,ipd,2,placebo,placebo,placebo,NA,NA,305,100,12
NCT01217892,ipd,2,A10BK01,A10BK01,dapagliflozin,NA,10,400,99,9
NCT01217892,ipd,2,A10BK01,A10BK01,dapagliflozin,NA,2.5,400,100,7
NCT01217892,ipd,2,A10BK01,A10BK01,dapagliflozin,NA,5,400,100,6
NCT01217892,ipd,2,placebo,placebo,placebo,NA,NA,400,101,8
NCT01224366,agg,2,A10BH02,A10BH02,vildagliptin,NA,50,449,228,20
NCT01224366,agg,2,placebo,placebo,placebo,NA,NA,449,221,30
NCT01225081,agg,2,A10BK_05,A10BK05,ipragliflozin,NA,50,151,97,8
NCT01225081,agg,2,placebo,placebo,placebo,NA,NA,151,54,10
NCT01242215,agg,2,A10BK_05,A10BK05,ipragliflozin,NA,50,242,166,11
NCT01242215,agg,2,placebo,placebo,placebo,NA,NA,242,77,20
NCT01272232,agg,2,A10BJ02,A10BJ02,liraglutide,NA,1.8,846,211,47
NCT01272232,agg,2,A10BJ02,A10BJ02,liraglutide,NA,3,846,423,99
NCT01272232,agg,2,placebo,placebo,placebo,NA,NA,846,212,72
NCT01289119,ipd,2,A10BH04,A10BH04,alogliptin,NA,25,506,92,9
NCT01289119,ipd,2,A10BH04,A10BH04,alogliptin,NA,25,506,99,6
NCT01289119,ipd,2,placebo,placebo,placebo,NA,NA,506,63,5
NCT01289119,ipd,2,placebo,placebo,placebo,NA,NA,506,93,9
NCT01289119,ipd,2,placebo,placebo,placebo,NA,NA,506,98,9
NCT01294423,agg,2,A10BK01,A10BK01,dapagliflozin,NA,10,261,88,9
NCT01294423,agg,2,A10BK01,A10BK01,dapagliflozin,NA,5,261,86,5
NCT01294423,agg,2,placebo,placebo,placebo,NA,NA,261,87,8
NCT01296412,agg,2,A10BH01,A10BH01,sitagliptin,NA,100,653,326,51
NCT01296412,agg,2,A10BJ02,A10BJ02,liraglutide,NA,1.2,653,327,70
NCT01306214,ipd,2,A10BK03,A10BK03,empagliflozin,NA,10,566,187,28
NCT01306214,ipd,2,A10BK03,A10BK03,empagliflozin,NA,25,566,190,22
NCT01306214,ipd,2,placebo,placebo,placebo,NA,NA,566,189,28
NCT01316094,agg,2,A10BK_05,A10BK05,ipragliflozin,NA,50,165,119,12
NCT01316094,agg,2,placebo,placebo,placebo,NA,NA,165,46,4
NCT01336023,agg,2,A10A,A10A,INSULINS AND ANALOGUES,NA,NA,1663,414,48
NCT01336023,agg,2,A10BJ02,A10BJ02,liraglutide,NA,0.36,1663,834,98
NCT01336023,agg,2,A10BJ02,A10BJ02,liraglutide,NA,1.8,1663,415,73
NCT01341717,agg,2,A10BB12,A10BB12,glimepiride,NA,NA,440,221,16
NCT01341717,agg,2,A10BH01,A10BH01,sitagliptin,NA,100,440,219,6
NCT01357252,agg,2,A10BH02,A10BH02,vildagliptin,NA,50,279,143,9
NCT01357252,agg,2,placebo,placebo,placebo,NA,NA,279,136,10
NCT01370005,ipd,2,A10BK03,A10BK03,empagliflozin,NA,10,825,276,11
NCT01370005,ipd,2,A10BK03,A10BK03,empagliflozin,NA,25,825,277,11
NCT01370005,ipd,2,placebo,placebo,placebo,NA,NA,825,272,16
NCT01381900,ipd,2,A10BK02,A10BK02,canagliflozin,NA,100,676,223,9
NCT01381900,ipd,2,A10BK02,A10BK02,canagliflozin,NA,300,676,227,12
NCT01381900,ipd,2,placebo,placebo,placebo,NA,NA,676,226,9
NCT01388361,agg,2,A10A,A10A,INSULINS AND ANALOGUES,NA,NA,177,89,14
NCT01388361,agg,2,A10BJ02,A10BJ02,liraglutide,NA,1.2,177,88,12
NCT01392573,agg,2,A10BJ02,A10BJ02,liraglutide,NA,0.6,413,207,32
NCT01392573,agg,2,placebo,placebo,placebo,NA,NA,413,206,35
NCT01392677,agg,2,A10BK01,A10BK01,dapagliflozin,NA,10,218,109,8
NCT01392677,agg,2,placebo,placebo,placebo,NA,NA,218,109,8
NCT01406717,agg,2,A10BJ01,A10BJ01,exenatide,NA,10,360,180,43
NCT01406717,agg,2,placebo,placebo,placebo,NA,NA,360,180,31
NCT01413204,agg,2,A10BK02,A10BK02,canagliflozin,NA,100,272,90,6
NCT01413204,agg,2,A10BK02,A10BK02,canagliflozin,NA,200,272,89,6
NCT01413204,agg,2,placebo,placebo,placebo,NA,NA,272,93,19
NCT01422876,ipd,2,A10BH05,A10BH05,linagliptin,NA,5,1636,132,7
NCT01422876,ipd,2,A10BH05,A10BH05,linagliptin,NA,5,1636,135,10
NCT01422876,ipd,2,A10BK03,A10BK03,empagliflozin,NA,10,1636,550,26
NCT01422876,ipd,2,A10BK03,A10BK03,empagliflozin,NA,10,1636,134,6
NCT01422876,ipd,2,A10BK03,A10BK03,empagliflozin,NA,25,1636,550,26
NCT01422876,ipd,2,A10BK03,A10BK03,empagliflozin,NA,25,1636,135,7
NCT01438814,ipd,2,A10BA02,A10BA02,metformin,NA,500,689,345,14
NCT01438814,ipd,2,A10BH05,A10BH05,linagliptin,NA,5,689,344,14
NCT01462266,agg,2,A10BH01,A10BH01,sitagliptin,NA,100,660,330,35
NCT01462266,agg,2,placebo,placebo,placebo,NA,NA,660,330,27
NCT01497522,agg,2,A10BH02,A10BH02,vildagliptin,NA,50,139,69,2
NCT01497522,agg,2,placebo,placebo,placebo,NA,NA,139,70,4
NCT01505426,agg,2,A10BK_05,A10BK05,ipragliflozin,NA,50,170,87,13
NCT01505426,agg,2,placebo,placebo,placebo,NA,NA,170,83,14
NCT01512108,agg,2,A10B,A10B,"BLOOD GLUCOSE LOWERING DRUGS, EXCL. INSULINS",NA,NA,363,120,9
NCT01512108,agg,2,A10BJ02,A10BJ02,liraglutide,NA,0.9,363,243,22
NCT01517321,agg,2,A10BH01,A10BH01,sitagliptin,NA,50,155,75,3
NCT01517321,agg,2,placebo,placebo,placebo,NA,NA,155,80,2
NCT01541956,agg,2,A10BA02,A10BA02,metformin,NA,500,2985,484,33
NCT01541956,agg,2,A10BH02,A10BH02,vildagliptin,NA,50,2985,2501,118
NCT01558271,ipd,3,A10BJ02,A10BJ02,liraglutide,NA,0.9,492,141,17
NCT01558271,ipd,3,A10BJ05,A10BJ05,dulaglutide,NA,0.75,492,281,18
NCT01558271,ipd,3,placebo,placebo,placebo,NA,NA,492,70,11
NCT01572740,agg,2,A10BJ02,A10BJ02,liraglutide,NA,0.9,257,127,6
NCT01572740,agg,2,placebo,placebo,placebo,NA,NA,257,130,5
NCT01582230,agg,2,A10BH02,A10BH02,vildagliptin,NA,50,293,146,7
NCT01582230,agg,2,placebo,placebo,placebo,NA,NA,293,147,10
NCT01584232,agg,2,A10A,A10A,INSULINS AND ANALOGUES,NA,NA,361,180,3
NCT01584232,agg,2,A10BJ05,A10BJ05,dulaglutide,NA,0.75,361,181,8
NCT01590771,agg,2,A10BH01,A10BH01,sitagliptin,NA,100,498,249,19
NCT01590771,agg,2,placebo,placebo,placebo,NA,NA,498,249,39
NCT01590797,agg,2,A10BH01,A10BH01,sitagliptin,NA,100,467,234,17
NCT01590797,agg,2,placebo,placebo,placebo,NA,NA,467,233,16
NCT01601990,agg,2,A10BH06,A10BH06,gemigliptin,NA,50,174,87,4
NCT01601990,agg,2,placebo,placebo,placebo,NA,NA,174,87,3
NCT01602003,agg,2,A10BH01,A10BH01,sitagliptin,NA,100,404,133,21
NCT01602003,agg,2,A10BH06,A10BH06,gemigliptin,NA,25,404,136,14
NCT01602003,agg,2,A10BH06,A10BH06,gemigliptin,NA,50,404,135,17
NCT01606007,ipd,2,A10BH03,A10BH03,saxagliptin,NA,5,355,176,15
NCT01606007,ipd,2,A10BK01,A10BK01,dapagliflozin,NA,10,355,179,19
NCT01617434,agg,2,A10BJ02,A10BJ02,liraglutide,NA,1.8,451,226,35
NCT01617434,agg,2,placebo,placebo,placebo,NA,NA,451,225,51
NCT01619059,ipd,2,A10BH03,A10BH03,saxagliptin,NA,5,315,153,11
NCT01619059,ipd,2,placebo,placebo,placebo,NA,NA,315,162,6
NCT01620489,agg,2,A10BJ02,A10BJ02,liraglutide,NA,1.8,279,140,35
NCT01620489,agg,2,placebo,placebo,placebo,NA,NA,279,139,34
NCT01621178,ipd,2,A10A,A10A,INSULINS AND ANALOGUES,NA,NA,577,194,31
NCT01621178,ipd,2,A10BJ05,A10BJ05,dulaglutide,NA,0.75,577,190,30
NCT01621178,ipd,2,A10BJ05,A10BJ05,dulaglutide,NA,1.5,577,193,36
NCT01624259,ipd,2,A10BJ02,A10BJ02,liraglutide,NA,1.8,599,300,31
NCT01624259,ipd,2,A10BJ05,A10BJ05,dulaglutide,NA,1.5,599,299,30
NCT01632007,ipd,3,A10BH04,A10BH04,alogliptin,NA,25,245,92,NA
NCT01632007,ipd,3,A10BH__07,A10BH07,evogliptin,NA,100,245,102,NA
NCT01632007,ipd,3,placebo,placebo,placebo,NA,NA,245,51,NA
NCT01632163,ipd,2,A10BJ03,A10BJ03,lixisenatide,NA,20,251,122,NA
NCT01632163,ipd,2,placebo,placebo,placebo,NA,NA,251,129,NA
NCT01644500,agg,2,A10BB12,A10BB12,glimepiride,NA,NA,737,245,15
NCT01644500,agg,2,A10BJ05,A10BJ05,dulaglutide,NA,0.75,737,248,24
NCT01644500,agg,2,A10BJ05,A10BJ05,dulaglutide,NA,1.5,737,244,22
NCT01646320,agg,2,A10BK01,A10BK01,dapagliflozin,NA,10,320,160,12
NCT01646320,agg,2,placebo,placebo,placebo,NA,NA,320,160,7
NCT01648582,ipd,2,A10A,A10A,INSULINS AND ANALOGUES,NA,NA,774,259,32
NCT01648582,ipd,2,A10BJ05,A10BJ05,dulaglutide,NA,0.75,774,257,38
NCT01648582,ipd,2,A10BJ05,A10BJ05,dulaglutide,NA,1.5,774,258,32
NCT01652729,agg,3,A10BH01,A10BH01,sitagliptin,NA,100,365,122,13
NCT01652729,agg,3,A10BJ01,A10BJ01,exenatide,NA,2,365,182,27
NCT01652729,agg,3,placebo,placebo,placebo,NA,NA,365,61,14
NCT01676116,agg,2,A10A,A10A,INSULINS AND ANALOGUES,NA,NA,438,292,16
NCT01676116,agg,2,A10BJ02,A10BJ02,liraglutide,NA,41,438,146,29
NCT01682759,agg,2,A10BB12,A10BB12,glimepiride,NA,NA,751,375,70
NCT01682759,agg,2,A10BH,A10BH,Dipeptidyl peptidase 4 (DPP-4) inhibitors,NA,NA,751,376,69
NCT01697592,agg,2,A10BH,A10BH,Dipeptidyl peptidase 4 (DPP-4) inhibitors,NA,NA,2925,389,9
NCT01697592,agg,2,placebo,placebo,placebo,NA,NA,2925,196,5
NCT01698775,agg,2,A10BH,A10BH,Dipeptidyl peptidase 4 (DPP-4) inhibitors,NA,NA,213,107,9
NCT01698775,agg,2,placebo,placebo,placebo,NA,NA,213,106,9
NCT01703221,agg,3,A10BH,A10BH,Dipeptidyl peptidase 4 (DPP-4) inhibitors,NA,NA,414,166,7
NCT01703221,agg,3,A10BH01,A10BH01,sitagliptin,NA,50,414,165,4
NCT01703221,agg,3,placebo,placebo,placebo,NA,NA,414,83,3
NCT01704261,agg,2,A10BH,A10BH,Dipeptidyl peptidase 4 (DPP-4) inhibitors,NA,NA,307,154,13
NCT01704261,agg,2,placebo,placebo,placebo,NA,NA,307,153,15
NCT01708902,ipd,2,A10BA02,A10BA02,metformin,NA,1000,436,144,17
NCT01708902,ipd,2,A10BA02,A10BA02,metformin,NA,500,436,145,8
NCT01708902,ipd,2,A10BH05,A10BH05,linagliptin,NA,5,436,147,17
NCT01717313,agg,2,A10BH,A10BH,Dipeptidyl peptidase 4 (DPP-4) inhibitors,NA,NA,329,165,18
NCT01717313,agg,2,placebo,placebo,placebo,NA,NA,329,164,13
NCT01719003,ipd,2,A10BA02,A10BA02,metformin,NA,1000,680,170,20
NCT01719003,ipd,2,A10BA02,A10BA02,metformin,NA,500,680,171,20
NCT01719003,ipd,2,A10BK03,A10BK03,empagliflozin,NA,10,680,172,12
NCT01719003,ipd,2,A10BK03,A10BK03,empagliflozin,NA,25,680,167,17
NCT01733758,ipd,3,A10BJ02,A10BJ02,liraglutide,NA,0.9,490,103,8
NCT01733758,ipd,3,A10BJ04,A10BJ04,albiglutide,NA,30,490,160,12
NCT01733758,ipd,3,A10BJ04,A10BJ04,albiglutide,NA,50,490,150,15
NCT01733758,ipd,3,placebo,placebo,placebo,NA,NA,490,77,15
NCT01734785,ipd,2,A10BK03,A10BK03,empagliflozin,NA,10,333,112,9
NCT01734785,ipd,2,A10BK03,A10BK03,empagliflozin,NA,25,333,111,5
NCT01734785,ipd,2,placebo,placebo,placebo,NA,NA,333,110,5
NCT01755156,agg,2,A10BH,A10BH,Dipeptidyl peptidase 4 (DPP-4) inhibitors,NA,NA,402,201,17
NCT01755156,agg,2,placebo,placebo,placebo,NA,NA,402,201,24
NCT01768559,ipd,2,A10A,A10A,INSULINS AND ANALOGUES,NA,NA,1490,596,30
NCT01768559,ipd,2,A10BJ03,A10BJ03,lixisenatide,NA,20,NA,NA,NA
NCT01769378,ipd,2,A10BJ05,A10BJ05,dulaglutide,NA,1.5,300,240,25
NCT01769378,ipd,2,placebo,placebo,placebo,NA,NA,300,60,4
NCT01792518,ipd,2,A10BH05,A10BH05,linagliptin,NA,5,360,182,7
NCT01792518,ipd,2,placebo,placebo,placebo,NA,NA,360,178,8
NCT01798238,agg,2,A10BH__06,A10BH06,gemigliptin,NA,20,142,99,11
NCT01798238,agg,2,placebo,placebo,placebo,NA,NA,142,43,9
NCT01798706,ipd,2,A10BJ03,A10BJ03,lixisenatide,NA,20,350,176,21
NCT01798706,ipd,2,placebo,placebo,placebo,NA,NA,350,174,21
NCT01805830,agg,2,A10BH__06,A10BH06,gemigliptin,NA,20,204,136,18
NCT01805830,agg,2,placebo,placebo,placebo,NA,NA,204,68,12
NCT01809327,ipd,2,A10BA02,A10BA02,metformin,NA,500,712,237,32
NCT01809327,ipd,2,A10BK02,A10BK02,canagliflozin,NA,100,712,237,26
NCT01809327,ipd,2,A10BK02,A10BK02,canagliflozin,NA,300,712,238,22
NCT01814748,agg,2,A10BH,A10BH,Dipeptidyl peptidase 4 (DPP-4) inhibitors,NA,NA,203,102,8
NCT01814748,agg,2,placebo,placebo,placebo,NA,NA,203,101,7
NCT01841697,agg,2,A10BH,A10BH,Dipeptidyl peptidase 4 (DPP-4) inhibitors,NA,NA,642,322,20
NCT01841697,agg,2,A10BH01,A10BH01,sitagliptin,NA,100,642,320,18
NCT01882907,agg,2,A10BG03,A10BG03,pioglitazone,NA,NA,228,111,28
NCT01882907,agg,2,A10BH02,A10BH02,vildagliptin,NA,50,228,117,14
NCT01885208,agg,2,A10BJ01,A10BJ01,exenatide,NA,2,813,407,38
NCT01885208,agg,2,A10BJ06,A10BJ06,semaglutide,NA,1,813,406,32
NCT01890122,ipd,3,A10BA02,A10BA02,metformin,NA,500,488,162,27
NCT01890122,ipd,3,A10BH04,A10BH04,alogliptin,NA,12.5,488,163,37
NCT01890122,ipd,3,placebo,placebo,placebo,NA,NA,488,163,59
NCT01907854,agg,2,A10BH01,A10BH01,sitagliptin,NA,100,407,204,13
NCT01907854,agg,2,A10BJ02,A10BJ02,liraglutide,NA,1.8,407,203,16
NCT01919489,agg,2,A10A,A10A,INSULINS AND ANALOGUES,NA,NA,273,137,37
NCT01919489,agg,2,A10BJ02,A10BJ02,liraglutide,NA,1.8,273,136,46
NCT01930188,agg,2,A10BH01,A10BH01,sitagliptin,NA,100,1225,407,19
NCT01930188,agg,2,A10BJ06,A10BJ06,semaglutide,NA,0.5,1225,409,22
NCT01930188,agg,2,A10BJ06,A10BJ06,semaglutide,NA,1,1225,409,21
NCT01958671,agg,2,A10BK__09,A10BK09,enavogliflozin,NA,15,461,152,24
NCT01958671,agg,2,A10BK__09,A10BK09,enavogliflozin,NA,5,461,156,19
NCT01958671,agg,2,placebo,placebo,placebo,NA,NA,461,153,32
NCT01973231,agg,2,A10BJ02,A10BJ02,liraglutide,NA,1.8,404,202,11
NCT01973231,agg,2,A10BJ03,A10BJ03,lixisenatide,NA,20,404,202,12
NCT01986855,agg,2,A10BK__09,A10BK09,enavogliflozin,NA,15,468,156,14
NCT01986855,agg,2,A10BK__09,A10BK09,enavogliflozin,NA,5,468,158,13
NCT01986855,agg,2,placebo,placebo,placebo,NA,NA,468,154,11
NCT01990469,agg,2,A10BH06,A10BH06,gemigliptin,NA,50,216,107,11
NCT01990469,agg,2,placebo,placebo,placebo,NA,NA,216,109,5
NCT01999218,agg,2,A10BB12,A10BB12,glimepiride,NA,NA,1326,437,110
NCT01999218,agg,2,A10BK__09,A10BK09,enavogliflozin,NA,15,1326,441,101
NCT01999218,agg,2,A10BK__09,A10BK09,enavogliflozin,NA,5,1326,448,109
NCT02002221,agg,2,A10BH02,A10BH02,vildagliptin,NA,50,156,78,2
NCT02002221,agg,2,placebo,placebo,placebo,NA,NA,156,78,3
NCT02008682,agg,2,A10BH01,A10BH01,sitagliptin,NA,100,368,184,14
NCT02008682,agg,2,A10BJ02,A10BJ02,liraglutide,NA,1.8,368,184,27
NCT02025907,ipd,2,A10BK02,A10BK02,canagliflozin,NA,100,216,108,12
NCT02025907,ipd,2,placebo,placebo,placebo,NA,NA,216,108,27
NCT02033889,agg,2,A10BK__09,A10BK09,enavogliflozin,NA,15,621,205,25
NCT02033889,agg,2,A10BK__09,A10BK09,enavogliflozin,NA,5,621,207,20
NCT02033889,agg,2,placebo,placebo,placebo,NA,NA,621,209,34
NCT02036515,agg,2,A10BK__09,A10BK09,enavogliflozin,NA,15,464,155,12
NCT02036515,agg,2,A10BK__09,A10BK09,enavogliflozin,NA,5,464,156,5
NCT02036515,agg,2,placebo,placebo,placebo,NA,NA,464,153,14
NCT02054897,agg,2,A10BJ06,A10BJ06,semaglutide,NA,0.5,388,129,10
NCT02054897,agg,2,A10BJ06,A10BJ06,semaglutide,NA,1,388,130,7
NCT02054897,agg,2,placebo,placebo,placebo,NA,NA,388,129,12
NCT02058147,agg,2,A10A,A10A,INSULINS AND ANALOGUES,NA,NA,701,467,27
NCT02058147,agg,2,A10BJ03,A10BJ03,lixisenatide,NA,20,701,234,29
NCT02081599,agg,2,A10BH__06,A10BH06,gemigliptin,NA,20,148,77,2
NCT02081599,agg,2,placebo,placebo,placebo,NA,NA,148,71,8
NCT02096705,agg,2,A10BK01,A10BK01,dapagliflozin,NA,10,272,139,5
NCT02096705,agg,2,placebo,placebo,placebo,NA,NA,272,133,9
NCT02099110,agg,2,A10BH01,A10BH01,sitagliptin,NA,100,745,247,28
NCT02099110,agg,2,A10BK__09,A10BK09,enavogliflozin,NA,15,745,248,31
NCT02099110,agg,2,A10BK__09,A10BK09,enavogliflozin,NA,5,745,250,24
NCT02104804,agg,2,A10BH03,A10BH03,saxagliptin,NA,5,466,234,16
NCT02104804,agg,2,placebo,placebo,placebo,NA,NA,466,232,19
NCT02128932,agg,2,A10A,A10A,INSULINS AND ANALOGUES,NA,NA,1082,360,19
NCT02128932,agg,2,A10BJ06,A10BJ06,semaglutide,NA,0.5,1082,362,27
NCT02128932,agg,2,A10BJ06,A10BJ06,semaglutide,NA,1,1082,360,18
NCT02152371,ipd,2,A10BJ05,A10BJ05,dulaglutide,NA,1.5,300,150,12
NCT02152371,ipd,2,placebo,placebo,placebo,NA,NA,300,150,16
NCT02157298,agg,2,A10BK01,A10BK01,dapagliflozin,NA,5,183,123,4
NCT02157298,agg,2,placebo,placebo,placebo,NA,NA,183,60,2
NCT02175784,agg,2,A10BK_05,A10BK05,ipragliflozin,NA,50,255,168,1
NCT02175784,agg,2,placebo,placebo,placebo,NA,NA,255,87,11
NCT02182830,ipd,2,A10BK03,A10BK03,empagliflozin,NA,25,166,83,15
NCT02182830,ipd,2,placebo,placebo,placebo,NA,NA,166,83,15
NCT02201004,agg,2,A10BK_06,A10BK06,sotagliflozin,NA,20,211,141,4
NCT02201004,agg,2,placebo,placebo,placebo,NA,NA,211,70,2
NCT02207374,agg,2,A10B,A10B,"BLOOD GLUCOSE LOWERING DRUGS, EXCL. INSULINS",NA,NA,601,121,6
NCT02207374,agg,2,A10BJ06,A10BJ06,semaglutide,NA,0.5,601,239,6
NCT02207374,agg,2,A10BJ06,A10BJ06,semaglutide,NA,1,601,241,10
NCT02220920,agg,2,A10BK02,A10BK02,canagliflozin,NA,100,146,76,3
NCT02220920,agg,2,placebo,placebo,placebo,NA,NA,146,70,3
NCT02229227,ipd,2,A10A,A10A,INSULINS AND ANALOGUES,NA,NA,814,412,62
NCT02229227,ipd,2,A10BJ04,A10BJ04,albiglutide,NA,50,814,402,51
NCT02229383,agg,2,A10BJ01,A10BJ01,exenatide,NA,2,461,232,20
NCT02229383,agg,2,placebo,placebo,placebo,NA,NA,461,229,22
NCT02229396,agg,2,A10BJ01,A10BJ01,exenatide,NA,2,457,227,34
NCT02229396,agg,2,A10BK01,A10BK01,dapagliflozin,NA,10,457,230,22
NCT02240680,agg,2,A10BH05,A10BH05,linagliptin,NA,5,302,151,8
NCT02240680,agg,2,placebo,placebo,placebo,NA,NA,302,151,15
NCT02243176,agg,2,A10BF01,A10BF01,acarbose,NA,NA,488,244,15
NCT02243176,agg,2,A10BH03,A10BH03,saxagliptin,NA,5,488,244,14
NCT02254291,agg,2,A10BJ06,A10BJ06,semaglutide,NA,0.5,308,103,2
NCT02254291,agg,2,A10BJ06,A10BJ06,semaglutide,NA,1,308,102,3
NCT02273050,agg,2,A10BA02,A10BA02,metformin,NA,500,424,210,24
NCT02273050,agg,2,A10BH03,A10BH03,saxagliptin,NA,5,424,214,29
NCT02280486,agg,2,A10BB12,A10BB12,glimepiride,NA,NA,373,186,160
NCT02280486,agg,2,A10BH03,A10BH03,saxagliptin,NA,5,373,187,159
NCT02305381,agg,2,A10BJ06,A10BJ06,semaglutide,NA,0.5,397,132,5
NCT02305381,agg,2,A10BJ06,A10BJ06,semaglutide,NA,1,397,132,5
NCT02305381,agg,2,placebo,placebo,placebo,NA,NA,397,133,7
NCT02324569,agg,2,A10BH__07,A10BH07,evogliptin,NA,100,240,116,16
NCT02324569,agg,2,placebo,placebo,placebo,NA,NA,240,124,21
NCT02343926,agg,2,A10BH02,A10BH02,vildagliptin,NA,50,376,223,9
NCT02343926,agg,2,A10BH06,A10BH06,gemigliptin,NA,50,376,220,13
NCT02354222,agg,2,A10BH__06,A10BH06,gemigliptin,NA,20,154,77,4
NCT02354222,agg,2,placebo,placebo,placebo,NA,NA,154,77,11
NCT02354235,agg,2,A10BK02,A10BK02,canagliflozin,NA,100,138,70,3
NCT02354235,agg,2,placebo,placebo,placebo,NA,NA,138,68,7
NCT02413398,agg,2,A10BK01,A10BK01,dapagliflozin,NA,10,321,160,4
NCT02413398,agg,2,placebo,placebo,placebo,NA,NA,321,161,7
NCT02452632,agg,2,A10BK_05,A10BK05,ipragliflozin,NA,50,139,73,17
NCT02452632,agg,2,placebo,placebo,placebo,NA,NA,139,66,9
NCT02453555,ipd,2,A10BK03,A10BK03,empagliflozin,NA,10,275,182,5
NCT02453555,ipd,2,placebo,placebo,placebo,NA,NA,NA,NA,NA
NCT02471404,ipd,2,A10BB12,A10BB12,glimepiride,NA,NA,627,313,25
NCT02471404,ipd,2,A10BK01,A10BK01,dapagliflozin,NA,10,627,314,33
NCT02532855,agg,2,A10BH01,A10BH01,sitagliptin,NA,100,614,307,8
NCT02532855,agg,2,A10BK01,A10BK01,dapagliflozin,NA,5,614,307,11
NCT02567994,agg,2,A10BH01,A10BH01,sitagliptin,NA,100,201,98,17
NCT02567994,agg,2,A10BH__06,A10BH06,gemigliptin,NA,20,201,103,17
NCT02577003,agg,2,A10BK_05,A10BK05,ipragliflozin,NA,50,143,73,2
NCT02577003,agg,2,placebo,placebo,placebo,NA,NA,143,70,5
NCT02577016,agg,2,A10BH01,A10BH01,sitagliptin,NA,50,141,70,2
NCT02577016,agg,2,placebo,placebo,placebo,NA,NA,141,71,2
NCT02589639,agg,2,A10BK03,A10BK03,empagliflozin,NA,10,269,89,10
NCT02589639,agg,2,A10BK03,A10BK03,empagliflozin,NA,25,269,90,4
NCT02589639,agg,2,placebo,placebo,placebo,NA,NA,269,90,10
NCT02597049,ipd,2,A10BJ05,A10BJ05,dulaglutide,NA,0.75,424,142,7
NCT02597049,ipd,2,A10BJ05,A10BJ05,dulaglutide,NA,1.5,424,142,5
NCT02597049,ipd,2,placebo,placebo,placebo,NA,NA,424,140,3
NCT02607306,agg,2,A10A,A10A,INSULINS AND ANALOGUES,NA,NA,544,271,23
NCT02607306,agg,2,A10BJ02,A10BJ02,liraglutide,NA,1.8,544,273,10
NCT02607865,agg,2,A10BH01,A10BH01,sitagliptin,NA,100,1864,467,16
NCT02607865,agg,2,A10BJ06,A10BJ06,semaglutide,NA,14,1864,465,27
NCT02607865,agg,2,A10BJ06,A10BJ06,semaglutide,NA,3,1864,466,33
NCT02607865,agg,2,A10BJ06,A10BJ06,semaglutide,NA,7,1864,466,30
NCT02630706,agg,2,A10BK__09,A10BK09,enavogliflozin,NA,15,506,169,9
NCT02630706,agg,2,A10BK__09,A10BK09,enavogliflozin,NA,5,506,170,7
NCT02630706,agg,2,placebo,placebo,placebo,NA,NA,506,167,10
NCT02648204,agg,2,A10BJ05,A10BJ05,dulaglutide,NA,0.75,1201,300,13
NCT02648204,agg,2,A10BJ05,A10BJ05,dulaglutide,NA,1.5,1201,300,16
NCT02648204,agg,2,A10BJ06,A10BJ06,semaglutide,NA,0.5,1201,301,22
NCT02648204,agg,2,A10BJ06,A10BJ06,semaglutide,NA,1,1201,300,21
NCT02681094,ipd,2,A10BH03,A10BH03,saxagliptin,NA,5,590,296,53
NCT02681094,ipd,2,A10BK01,A10BK01,dapagliflozin,NA,5,590,294,39
NCT02715258,agg,2,A10BK__07,A10BK07,luseogliflozin,NA,20,210,140,16
NCT02715258,agg,2,placebo,placebo,placebo,NA,NA,210,70,6
NCT02730377,agg,2,A10B,A10B,"BLOOD GLUCOSE LOWERING DRUGS, EXCL. INSULINS",NA,NA,1991,995,633
NCT02730377,agg,2,A10BJ02,A10BJ02,liraglutide,NA,1.8,1991,996,550
NCT02738879,agg,2,A10BH01,A10BH01,sitagliptin,NA,100,746,374,13
NCT02738879,agg,2,placebo,placebo,placebo,NA,NA,746,372,25
NCT02750410,ipd,2,A10BJ05,A10BJ05,dulaglutide,NA,0.75,159,120,3
NCT02750410,ipd,2,placebo,placebo,placebo,NA,NA,159,39,2
NCT02752412,agg,2,A10BJ03,A10BJ03,lixisenatide,NA,5,512,255,10
NCT02752412,agg,2,placebo,placebo,placebo,NA,NA,512,257,13
NCT02752828,agg,2,A10BJ03,A10BJ03,lixisenatide,NA,5,521,260,12
NCT02752828,agg,2,placebo,placebo,placebo,NA,NA,521,261,7
NCT02769481,agg,2,A10BB12,A10BB12,glimepiride,NA,NA,426,213,36
NCT02769481,agg,2,A10BK__07,A10BK07,luseogliflozin,NA,20,426,213,33
NCT02791490,agg,2,A10BH01,A10BH01,sitagliptin,NA,100,458,229,3
NCT02791490,agg,2,placebo,placebo,placebo,NA,NA,458,229,8
NCT02794792,agg,2,A10BK_05,A10BK05,ipragliflozin,NA,50,165,110,3
NCT02794792,agg,2,placebo,placebo,placebo,NA,NA,165,55,3
NCT02827708,agg,2,A10BJ06,A10BJ06,semaglutide,NA,14,324,163,5
NCT02827708,agg,2,placebo,placebo,placebo,NA,NA,324,161,5
NCT02831361,agg,2,A10BH06,A10BH06,gemigliptin,NA,50,283,193,5
NCT02831361,agg,2,placebo,placebo,placebo,NA,NA,283,97,4
NCT02836873,agg,2,A10BK__07,A10BK07,luseogliflozin,NA,20,312,157,5
NCT02836873,agg,2,placebo,placebo,placebo,NA,NA,312,155,11
NCT02849080,agg,2,A10BH01,A10BH01,sitagliptin,NA,100,504,251,7
NCT02849080,agg,2,A10BJ06,A10BJ06,semaglutide,NA,14,504,253,12
NCT02863328,agg,2,A10BJ06,A10BJ06,semaglutide,NA,14,821,411,11
NCT02863328,agg,2,A10BK03,A10BK03,empagliflozin,NA,25,821,410,23
NCT02863419,agg,3,A10BJ02,A10BJ02,liraglutide,NA,1.8,711,284,10
NCT02863419,agg,3,A10BJ06,A10BJ06,semaglutide,NA,14,711,285,8
NCT02863419,agg,3,placebo,placebo,placebo,NA,NA,711,142,8
NCT02897349,agg,2,A10BH05,A10BH05,linagliptin,NA,5,206,104,6
NCT02897349,agg,2,placebo,placebo,placebo,NA,NA,206,102,5
NCT02906709,agg,2,A10BH,A10BH,Dipeptidyl peptidase 4 (DPP-4) inhibitors,NA,NA,184,123,1
NCT02906709,agg,2,placebo,placebo,placebo,NA,NA,184,61,3
NCT02906930,agg,2,A10BJ06,A10BJ06,semaglutide,NA,14,703,175,6
NCT02906930,agg,2,A10BJ06,A10BJ06,semaglutide,NA,3,703,175,14
NCT02906930,agg,2,A10BJ06,A10BJ06,semaglutide,NA,7,703,175,12
NCT02906930,agg,2,placebo,placebo,placebo,NA,NA,703,178,8
NCT02911948,agg,2,placebo,placebo,placebo,NA,NA,210,105,7
NCT02916706,agg,2,A10BH__06,A10BH06,gemigliptin,NA,20,254,127,15
NCT02916706,agg,2,placebo,placebo,placebo,NA,NA,254,127,31
NCT02924064,agg,2,A10BH__06,A10BH06,gemigliptin,NA,20,247,123,24
NCT02924064,agg,2,placebo,placebo,placebo,NA,NA,247,124,43
NCT02926937,agg,2,A10BK06,A10BK06,sotagliflozin,NA,200,399,107,11
NCT02926937,agg,2,A10BK06,A10BK06,sotagliflozin,NA,400,399,142,15
NCT02926937,agg,2,placebo,placebo,placebo,NA,NA,399,150,19
NCT02926950,agg,2,A10BK06,A10BK06,sotagliflozin,NA,400,518,259,49
NCT02926950,agg,2,placebo,placebo,placebo,NA,NA,518,259,48
NCT02949193,agg,2,A10BH01,A10BH01,sitagliptin,NA,100,222,110,10
NCT02949193,agg,2,A10BH07,A10BH07,evogliptin,NA,5,222,112,7
NCT02963922,agg,2,A10BJ02,A10BJ02,liraglutide,NA,3,396,198,32
NCT02963922,agg,2,placebo,placebo,placebo,NA,NA,396,198,30
NCT02964247,agg,2,A10BJ02,A10BJ02,liraglutide,NA,1.8,303,203,3
NCT02964247,agg,2,placebo,placebo,placebo,NA,NA,303,100,2
NCT02974504,agg,2,A10BH05,A10BH05,linagliptin,NA,5,207,105,7
NCT02974504,agg,2,A10BH07,A10BH07,evogliptin,NA,5,207,102,6
NCT03015220,agg,2,A10BJ05,A10BJ05,dulaglutide,NA,0.75,458,65,2
NCT03015220,agg,2,A10BJ06,A10BJ06,semaglutide,NA,14,458,130,3
NCT03015220,agg,2,A10BJ06,A10BJ06,semaglutide,NA,3,458,131,3
NCT03015220,agg,2,A10BJ06,A10BJ06,semaglutide,NA,7,458,132,2
NCT03018028,agg,3,A10BJ02,A10BJ02,liraglutide,NA,0.9,243,48,1
NCT03018028,agg,3,A10BJ06,A10BJ06,semaglutide,NA,14,243,48,2
NCT03018028,agg,3,A10BJ06,A10BJ06,semaglutide,NA,3,243,49,3
NCT03021187,agg,2,A10BJ06,A10BJ06,semaglutide,NA,14,731,181,6
NCT03021187,agg,2,A10BJ06,A10BJ06,semaglutide,NA,3,731,184,10
NCT03021187,agg,2,A10BJ06,A10BJ06,semaglutide,NA,7,731,182,9
NCT03021187,agg,2,placebo,placebo,placebo,NA,NA,731,184,9
NCT03061214,agg,2,A10BH01,A10BH01,sitagliptin,NA,100,868,290,28
NCT03061214,agg,2,A10BJ06,A10BJ06,semaglutide,NA,0.5,868,288,25
NCT03061214,agg,2,A10BJ06,A10BJ06,semaglutide,NA,1,868,290,10
NCT03066830,agg,2,A10BK06,A10BK06,sotagliflozin,NA,400,507,253,22
NCT03066830,agg,2,placebo,placebo,placebo,NA,NA,507,254,33
NCT03086330,agg,2,A10BJ06,A10BJ06,semaglutide,NA,1,302,151,4
NCT03086330,agg,2,placebo,placebo,placebo,NA,NA,302,151,4
NCT03115112,agg,2,A10BH01,A10BH01,sitagliptin,NA,100,386,194,5
NCT03115112,agg,2,A10BK__07,A10BK07,luseogliflozin,NA,20,386,192,12
NCT03125694,agg,2,A10BG03,A10BG03,pioglitazone,NA,NA,250,125,15
NCT03125694,agg,2,A10BH01,A10BH01,sitagliptin,NA,100,250,125,13
NCT03136484,agg,2,A10BJ06,A10BJ06,semaglutide,NA,1,788,394,27
NCT03136484,agg,2,A10BK02,A10BK02,canagliflozin,NA,300,788,394,22
NCT03159052,agg,2,A10BK__10,A10BK10,unknown,henagliflozin,10,452,151,12
NCT03159052,agg,2,A10BK__10,A10BK10,unknown,henagliflozin,5,452,150,8
NCT03159052,agg,2,placebo,placebo,placebo,NA,NA,452,151,18
NCT03172494,agg,2,A10A,A10A,INSULINS AND ANALOGUES,NA,NA,359,179,12
NCT03172494,agg,2,A10BJ02,A10BJ02,liraglutide,NA,1.8,359,180,29
NCT03175120,agg,2,A10BJ02,A10BJ02,liraglutide,NA,0.6,453,302,12
NCT03175120,agg,2,placebo,placebo,placebo,NA,NA,453,151,12
NCT03191396,agg,2,A10BJ02,A10BJ02,liraglutide,NA,1.2,577,287,5
NCT03191396,agg,2,A10BJ06,A10BJ06,semaglutide,NA,1,577,290,3
NCT03242018,agg,2,A10BK06,A10BK06,sotagliflozin,NA,200,277,92,14
NCT03242018,agg,2,A10BK06,A10BK06,sotagliflozin,NA,400,277,92,14
NCT03242018,agg,2,placebo,placebo,placebo,NA,NA,277,93,18
NCT03242252,agg,2,A10BK06,A10BK06,sotagliflozin,NA,200,787,263,23
NCT03242252,agg,2,A10BK06,A10BK06,sotagliflozin,NA,400,787,264,32
NCT03242252,agg,2,placebo,placebo,placebo,NA,NA,787,260,36
NCT03259789,agg,2,A10BK__07,A10BK07,luseogliflozin,NA,20,317,158,17
NCT03259789,agg,2,placebo,placebo,placebo,NA,NA,317,159,17
NCT03332771,agg,3,A10BB12,A10BB12,glimepiride,NA,NA,954,318,48
NCT03332771,agg,3,A10BK06,A10BK06,sotagliflozin,NA,200,954,160,32
NCT03332771,agg,3,A10BK06,A10BK06,sotagliflozin,NA,400,954,317,51
NCT03332771,agg,3,placebo,placebo,placebo,NA,NA,954,159,34
NCT03351478,agg,3,A10BK03,A10BK03,empagliflozin,NA,25,770,309,17
NCT03351478,agg,3,A10BK06,A10BK06,sotagliflozin,NA,400,770,307,14
NCT03351478,agg,3,placebo,placebo,placebo,NA,NA,770,154,7
NCT03353350,agg,2,A10BJ__01,A10BJ01,exenatide,efpeglenatide,2,406,100,19
NCT03353350,agg,2,A10BJ__01,A10BJ01,exenatide,efpeglenatide,4,406,101,24
NCT03353350,agg,2,A10BJ__01,A10BJ01,exenatide,efpeglenatide,6,406,103,22
NCT03353350,agg,2,placebo,placebo,placebo,NA,NA,406,102,22
NCT03552757,agg,2,A10BJ06,A10BJ06,semaglutide,NA,1,1210,403,13
NCT03552757,agg,2,A10BJ06,A10BJ06,semaglutide,NA,2.4,1210,404,13
NCT03552757,agg,2,placebo,placebo,placebo,NA,NA,1210,403,20
NCT03689374,agg,2,A10A,A10A,INSULINS AND ANALOGUES,NA,NA,1748,874,24
NCT03689374,agg,2,A10BJ06,A10BJ06,semaglutide,NA,1,1748,874,43
NCT03730662,agg,2,A10A,A10A,INSULINS AND ANALOGUES,NA,NA,1995,1000,139
NCT03730662,agg,2,A10BX16,A10BX16,tirezpatide,NA,NA,1995,995,76
NCT03794336,agg,2,A10BF01,A10BF01,acarbose,NA,NA,1088,363,29
NCT03794336,agg,2,A10BH04,A10BH04,alogliptin,NA,25,1088,725,39
NCT03798054,agg,2,A10A,A10A,INSULINS AND ANALOGUES,NA,NA,527,350,17
NCT03798054,agg,2,A10BJ03,A10BJ03,lixisenatide,NA,5,527,177,28
NCT03861052,agg,2,A10BJ05,A10BJ05,dulaglutide,NA,0.75,636,159,5
NCT03861052,agg,2,A10BX16,A10BX16,tirezpatide,NA,NA,636,477,16
NCT03882970,agg,2,A10A,A10A,INSULINS AND ANALOGUES,NA,NA,1079,360,31
NCT03882970,agg,2,A10BX16,A10BX16,tirezpatide,NA,NA,1079,719,44
NCT03954834,agg,2,A10BX16,A10BX16,tirezpatide,NA,NA,478,363,34
NCT03954834,agg,2,placebo,placebo,placebo,NA,NA,478,115,16
NCT03987919,agg,2,A10BJ06,A10BJ06,semaglutide,NA,1,1408,469,26
NCT03987919,agg,2,A10BX16,A10BX16,tirezpatide,NA,NA,1408,939,51
NCT04039503,agg,2,A10BX16,A10BX16,tirezpatide,NA,NA,475,355,21
NCT04039503,agg,2,placebo,placebo,placebo,NA,NA,475,120,3
NCT04093752,agg,2,A10A,A10A,INSULINS AND ANALOGUES,NA,NA,907,220,27
NCT04093752,agg,2,A10BX16,A10BX16,tirezpatide,NA,NA,907,687,64
NCT04170998,agg,2,A10BH07,A10BH07,evogliptin,NA,5,283,141,3
NCT04170998,agg,2,placebo,placebo,placebo,NA,NA,283,142,2
NCT04196231,agg,3,A10BJ,A10BJ,Glucagon-like peptide-1 (GLP-1) analogues,NA,NA,305,102,12
NCT04196231,agg,3,A10BK,A10BK,Sodium-glucose co-transporter 2 (SGLT2) inhibitors,NA,NA,305,102,9
NCT04218734,agg,2,A10BH__05,A10BH05,linagliptin,DBRP108,100,213,142,4
NCT04218734,agg,2,placebo,placebo,placebo,NA,NA,213,71,3
NCT04233801,agg,2,A10BK03,A10BK03,empagliflozin,NA,10,219,73,2
NCT04233801,agg,2,A10BK03,A10BK03,empagliflozin,NA,25,219,73,4
NCT04632862,agg,2,A10BK__08,A10BK08,bexagliflozin,NA,0.3,167,83,6
NCT04632862,agg,2,placebo,placebo,placebo,NA,NA,167,84,15
NCT04634500,agg,2,A10BK01,A10BK01,dapagliflozin,NA,10,200,99,6
NCT04634500,agg,2,A10BK__08,A10BK08,bexagliflozin,NA,0.3,200,101,4
NCT04654390,agg,2,A10BK01,A10BK01,dapagliflozin,NA,10,270,136,7
NCT04654390,agg,2,A10BK__08,A10BK08,bexagliflozin,NA,0.3,270,134,8
